{
    "transform": [
        [
            0.9945504665374756,
            0.10424811393022537,
            0.0012910168152302504,
            0.0008998047560453415
        ],
        [
            0.0012910168152302504,
            -0.02469687908887863,
            0.9996941685676575,
            -0.33834242820739746
        ],
        [
            0.10424811393022537,
            -0.9942446351051331,
            -0.02469687908887863,
            0.21723517775535583
        ]
    ],
    "scale": 0.2070070100897992
}